1	1	ORDER_PLACED	1	1	New order #1: 5x 'one piece vol1' from 'user1'.
2	1	ORDER_PLACED	2	1	New order #2: 5x 'one piece vol2' from 'user1'.
3	2	ORDER_ACCEPTED	1	1	Your order #1 for 'one piece vol1' was ACCEPTED by 'user2'.
4	2	ORDER_ACCEPTED	2	1	Your order #2 for 'one piece vol2' was ACCEPTED by 'user2'.
5	1	ORDER_PLACED	3	1	New order #3: 10x 'one piece vol1' from 'user1'.
6	1	ORDER_PLACED	4	1	New order #4: 5x 'one piece vol2' from 'user1'.
7	2	ORDER_ACCEPTED	3	1	Your order #3 for 'one piece vol1' was ACCEPTED by 'user2'.
8	2	ORDER_REJECTED	4	1	Your order #4 for 'one piece vol2' was REJECTED by 'user2'.
9	1	ORDER_COMPLETED	1	1	Order #1 for 'one piece vol1' marked COMPLETED by 'user1'.
10	1	ORDER_COMPLETED	2	1	Order #2 for 'one piece vol2' marked COMPLETED by 'user1'.
11	1	ORDER_COMPLETED	3	1	Order #3 for 'one piece vol1' marked COMPLETED by 'user1'.
12	2	ORDER_ACCEPTED	1	1	Your order #1 for 'one piece vol1' was ACCEPTED by 'user2'.
13	2	ORDER_ACCEPTED	2	1	Your order #2 for 'one piece vol2' was ACCEPTED by 'user2'.
14	2	ORDER_REJECTED	3	1	Your order #3 for 'one piece vol1' was REJECTED by 'user2'.
15	2	ORDER_REJECTED	4	1	Your order #4 for 'one piece vol2' was REJECTED by 'user2'.
16	2	ORDER_ACCEPTED	1	1	Your order #1 for 'one piece vol1' was ACCEPTED by 'user2'.
17	2	ORDER_REJECTED	2	1	Your order #2 for 'one piece vol2' was REJECTED by 'user2'.
18	2	ORDER_ACCEPTED	3	1	Your order #3 for 'one piece vol1' was ACCEPTED by 'user2'.
19	2	ORDER_REJECTED	4	1	Your order #4 for 'one piece vol2' was REJECTED by 'user2'.
20	1	ORDER_COMPLETED	1	1	Order #1 for 'one piece vol1' marked COMPLETED by 'user1'.
21	1	ORDER_COMPLETED	3	1	Order #3 for 'one piece vol1' marked COMPLETED by 'user1'.
22	1	ORDER_PLACED	5	1	New order #5: 1x 'one piece vol1' from 'user1'.
23	2	ORDER_ACCEPTED	5	1	Your order #5 for 'one piece vol1' was ACCEPTED by 'user2'.
24	1	ORDER_COMPLETED	5	1	Order #5 for 'one piece vol1' marked COMPLETED by 'user1'.
25	1	ORDER_PLACED	6	1	New order #6: 1x 'one piece vol1' from 'user1'.
26	1	ORDER_PLACED	7	1	New order #7: 1x 'one piece vol2' from 'user1'.
27	1	ORDER_PLACED	8	1	New order #8: 2x 'one piece vol2' from 'user1'.
28	2	ORDER_ACCEPTED	6	1	Your order #6 for 'one piece vol1' was ACCEPTED by 'user2'.
29	2	ORDER_ACCEPTED	7	1	Your order #7 for 'one piece vol2' was ACCEPTED by 'user2'.
30	2	ORDER_REJECTED	8	1	Your order #8 for 'one piece vol2' was REJECTED by 'user2'.
31	1	ORDER_COMPLETED	6	0	Order #6 for 'one piece vol1' marked COMPLETED by 'user1'.
32	1	ORDER_COMPLETED	7	0	Order #7 for 'one piece vol2' marked COMPLETED by 'user1'.
33	1	ORDER_PLACED	9	0	New order #9: 9x 'one piece vol2' from 'user1'.
34	2	ORDER_ACCEPTED	9	0	Your order #9 for 'one piece vol2' was ACCEPTED by 'user2'.
35	1	ORDER_COMPLETED	9	0	Order #9 for 'one piece vol2' marked COMPLETED by 'user1'.
36	1	ORDER_PLACED	10	0	New order #10: 1x 'one piece vol1' from 'user1'.
37	2	ORDER_REJECTED	10	0	Your order #10 for 'one piece vol1' was REJECTED by 'user2'.
